,response,context,context/0,context/1,context/2,context/3
0,"!!!%!! Remind me of that, oh, I know where you live, that's, uh.","Rome, New York, okay, well, Texas, let me look at my husband and ask him, to some one else in Yes, they do He's reminding me of where I live, yeah.","Rome, New York, yeah.","In where Rome, New York?","I'm in Rome, New York.","Okay, there's one, uh, I meant living in Texas, where you at?"
1,"No, I think you have to pay for that in New York state.","Yeah, I, I, New York does not","Rome, New York, okay, well, Texas, let me look at my husband and ask him, to some one else in Yes, they do He's reminding me of where I live, yeah.","Rome, New York, yeah.","In where Rome, New York?","I'm in Rome, New York."
2,"and I, uh, I live in a, a fairly nice suburb of, uh Baltimore.",Uh-huh.,"Yeah, I, I, New York does not","Rome, New York, okay, well, Texas, let me look at my husband and ask him, to some one else in Yes, they do He's reminding me of where I live, yeah.","Rome, New York, yeah.","In where Rome, New York?"
3,!!!;!!%!! Remind me of that.,"but, uh, they're, they're trying to reinstate it and the governor's opposed to it being that, uh, the Democrat that he is,  and Mario Cuomo",Uh-huh.,"Yeah, I, I, New York does not","Rome, New York, okay, well, Texas, let me look at my husband and ask him, to some one else in Yes, they do He's reminding me of where I live, yeah.","Rome, New York, yeah."
4,"and, uh",Uh-huh. Yes.,"but, uh, they're, they're trying to reinstate it and the governor's opposed to it being that, uh, the Democrat that he is,  and Mario Cuomo",Uh-huh.,"Yeah, I, I, New York does not","Rome, New York, okay, well, Texas, let me look at my husband and ask him, to some one else in Yes, they do He's reminding me of where I live, yeah."
5,"Yeah, well, that's good, I mean, they, they've got a lot of power.",but the state legislatures are more and more coming to supporting it.,Uh-huh. Yes.,"but, uh, they're, they're trying to reinstate it and the governor's opposed to it being that, uh, the Democrat that he is,  and Mario Cuomo",Uh-huh.,"Yeah, I, I, New York does not"
6,"Uh,","Yeah, I, uh, I ethically don't like the idea but, or I should say morally I don't like the idea, but, uh, social and ethics, socially and ethically I think it's a good idea, in certain crimes.",but the state legislatures are more and more coming to supporting it.,Uh-huh. Yes.,"but, uh, they're, they're trying to reinstate it and the governor's opposed to it being that, uh, the Democrat that he is,  and Mario Cuomo",Uh-huh.
7,"Uh, Right.","I'd, I would agree, with that even more, I don't know if this is cold and too pragmatically but I'm really offended,  by the thought that I have to support,  uh, just the existence of, you know, murder, rapist,  you know,  right, that, uh, after they've gone and done horrible things, molested children, and kill,  them whatever, that, society has to pay, uh, upwards, uh, thirty thousand dollars a year to incarcerate them.","Yeah, I, uh, I ethically don't like the idea but, or I should say morally I don't like the idea, but, uh, social and ethics, socially and ethically I think it's a good idea, in certain crimes.",but the state legislatures are more and more coming to supporting it.,Uh-huh. Yes.,"but, uh, they're, they're trying to reinstate it and the governor's opposed to it being that, uh, the Democrat that he is,  and Mario Cuomo"
8,Yeah.,"Uh-huh. Uh-huh. Right, any,  on the street, no, I know. Uh-huh. Yeah, and Texas is having a problem right now and it's, the, the, the, the, the I think that's the, the repeat crimes and the repeat offenders is happening down here where they're, they're patrol, the state patrol board is letting people walk that have done, oh, heinous things from from killing police officers to, I mean just multiple, you know, molestations to murders of children, just, you know, really bad things and they're get, these people are getting out like three to five years before they're even suppose to be considered,","I'd, I would agree, with that even more, I don't know if this is cold and too pragmatically but I'm really offended,  by the thought that I have to support,  uh, just the existence of, you know, murder, rapist,  you know,  right, that, uh, after they've gone and done horrible things, molested children, and kill,  them whatever, that, society has to pay, uh, upwards, uh, thirty thousand dollars a year to incarcerate them.","Yeah, I, uh, I ethically don't like the idea but, or I should say morally I don't like the idea, but, uh, social and ethics, socially and ethically I think it's a good idea, in certain crimes.",but the state legislatures are more and more coming to supporting it.,Uh-huh. Yes.
9,"and they're being, they, they are being, uh",Right.,"Uh-huh. Uh-huh. Right, any,  on the street, no, I know. Uh-huh. Yeah, and Texas is having a problem right now and it's, the, the, the, the, the I think that's the, the repeat crimes and the repeat offenders is happening down here where they're, they're patrol, the state patrol board is letting people walk that have done, oh, heinous things from from killing police officers to, I mean just multiple, you know, molestations to murders of children, just, you know, really bad things and they're get, these people are getting out like three to five years before they're even suppose to be considered,","I'd, I would agree, with that even more, I don't know if this is cold and too pragmatically but I'm really offended,  by the thought that I have to support,  uh, just the existence of, you know, murder, rapist,  you know,  right, that, uh, after they've gone and done horrible things, molested children, and kill,  them whatever, that, society has to pay, uh, upwards, uh, thirty thousand dollars a year to incarcerate them.","Yeah, I, uh, I ethically don't like the idea but, or I should say morally I don't like the idea, but, uh, social and ethics, socially and ethically I think it's a good idea, in certain crimes.",but the state legislatures are more and more coming to supporting it.
10,"Uh, yeah, I agree with you there.","and now, they can't find them and they're finding bodies in you know, I mean, you think why they say it's because you're over crowd, it's over crowded, and you think how is, is everybody that stupid or is the world really that rotten",Right.,"Uh-huh. Uh-huh. Right, any,  on the street, no, I know. Uh-huh. Yeah, and Texas is having a problem right now and it's, the, the, the, the, the I think that's the, the repeat crimes and the repeat offenders is happening down here where they're, they're patrol, the state patrol board is letting people walk that have done, oh, heinous things from from killing police officers to, I mean just multiple, you know, molestations to murders of children, just, you know, really bad things and they're get, these people are getting out like three to five years before they're even suppose to be considered,","I'd, I would agree, with that even more, I don't know if this is cold and too pragmatically but I'm really offended,  by the thought that I have to support,  uh, just the existence of, you know, murder, rapist,  you know,  right, that, uh, after they've gone and done horrible things, molested children, and kill,  them whatever, that, society has to pay, uh, upwards, uh, thirty thousand dollars a year to incarcerate them.","Yeah, I, uh, I ethically don't like the idea but, or I should say morally I don't like the idea, but, uh, social and ethics, socially and ethically I think it's a good idea, in certain crimes."
11,"I mean, I, I think it's a social disease that people have.","I, I don't know,","and now, they can't find them and they're finding bodies in you know, I mean, you think why they say it's because you're over crowd, it's over crowded, and you think how is, is everybody that stupid or is the world really that rotten",Right.,"Uh-huh. Uh-huh. Right, any,  on the street, no, I know. Uh-huh. Yeah, and Texas is having a problem right now and it's, the, the, the, the, the I think that's the, the repeat crimes and the repeat offenders is happening down here where they're, they're patrol, the state patrol board is letting people walk that have done, oh, heinous things from from killing police officers to, I mean just multiple, you know, molestations to murders of children, just, you know, really bad things and they're get, these people are getting out like three to five years before they're even suppose to be considered,","I'd, I would agree, with that even more, I don't know if this is cold and too pragmatically but I'm really offended,  by the thought that I have to support,  uh, just the existence of, you know, murder, rapist,  you know,  right, that, uh, after they've gone and done horrible things, molested children, and kill,  them whatever, that, society has to pay, uh, upwards, uh, thirty thousand dollars a year to incarcerate them."
12,"I mean, I, I guess it's just me but I don 't much care about the, about the punishment aspect.",I know.,"I, I don't know,","and now, they can't find them and they're finding bodies in you know, I mean, you think why they say it's because you're over crowd, it's over crowded, and you think how is, is everybody that stupid or is the world really that rotten",Right.,"Uh-huh. Uh-huh. Right, any,  on the street, no, I know. Uh-huh. Yeah, and Texas is having a problem right now and it's, the, the, the, the, the I think that's the, the repeat crimes and the repeat offenders is happening down here where they're, they're patrol, the state patrol board is letting people walk that have done, oh, heinous things from from killing police officers to, I mean just multiple, you know, molestations to murders of children, just, you know, really bad things and they're get, these people are getting out like three to five years before they're even suppose to be considered,"
13,Yeah.,"it's a hard question, you look at the United States, we have the largest murder rate of any developed, uh,",I know.,"I, I don't know,","and now, they can't find them and they're finding bodies in you know, I mean, you think why they say it's because you're over crowd, it's over crowded, and you think how is, is everybody that stupid or is the world really that rotten",Right.
14,"and we have, we had a, a, uh a population of about seventy-six thousand.","And then,","it's a hard question, you look at the United States, we have the largest murder rate of any developed, uh,",I know.,"I, I don't know,","and now, they can't find them and they're finding bodies in you know, I mean, you think why they say it's because you're over crowd, it's over crowded, and you think how is, is everybody that stupid or is the world really that rotten"
15,"Right. And it's not just the number of people that are killed, but also the number that are in prison.","or, uh,","And then,","it's a hard question, you look at the United States, we have the largest murder rate of any developed, uh,",I know.,"I, I don't know,"
16,Uh-huh.,"I don't know how Americans are about handguns but, uh, yesterday a lady I work with just told me today that, uh, in the state capitol here in Austin, Texas, they had been, uh, looking at a bill, uh, making it easier to accept the bill to access, to access handguns and they passed it, which basically means without an F B I check any person here in this state over twenty-one can get a gun","or, uh,","And then,","it's a hard question, you look at the United States, we have the largest murder rate of any developed, uh,",I know.
17,Yeah.,"Here in New York it's a lot harder than that, uh","I don't know how Americans are about handguns but, uh, yesterday a lady I work with just told me today that, uh, in the state capitol here in Austin, Texas, they had been, uh, looking at a bill, uh, making it easier to accept the bill to access, to access handguns and they passed it, which basically means without an F B I check any person here in this state over twenty-one can get a gun","or, uh,","And then,","it's a hard question, you look at the United States, we have the largest murder rate of any developed, uh,"
18,Yeah.,"Is it, that's good.","Here in New York it's a lot harder than that, uh","I don't know how Americans are about handguns but, uh, yesterday a lady I work with just told me today that, uh, in the state capitol here in Austin, Texas, they had been, uh, looking at a bill, uh, making it easier to accept the bill to access, to access handguns and they passed it, which basically means without an F B I check any person here in this state over twenty-one can get a gun","or, uh,","And then,"
19,"Yeah, I, I think that's, that is a good thing. I, uh.","it takes, uh, it takes almost six months to get, uh, handgun permit, in this state.","Is it, that's good.","Here in New York it's a lot harder than that, uh","I don't know how Americans are about handguns but, uh, yesterday a lady I work with just told me today that, uh, in the state capitol here in Austin, Texas, they had been, uh, looking at a bill, uh, making it easier to accept the bill to access, to access handguns and they passed it, which basically means without an F B I check any person here in this state over twenty-one can get a gun","or, uh,"
20,Yeah.,"Say, that good, I think that's, like the state of Virginia, yeah, that's great.","it takes, uh, it takes almost six months to get, uh, handgun permit, in this state.","Is it, that's good.","Here in New York it's a lot harder than that, uh","I don't know how Americans are about handguns but, uh, yesterday a lady I work with just told me today that, uh, in the state capitol here in Austin, Texas, they had been, uh, looking at a bill, uh, making it easier to accept the bill to access, to access handguns and they passed it, which basically means without an F B I check any person here in this state over twenty-one can get a gun"
21,Yeah.,"Now, the, the, and that's with, uh, you have to have, uh, oh, a police investigation, you have to,  have references,","Say, that good, I think that's, like the state of Virginia, yeah, that's great.","it takes, uh, it takes almost six months to get, uh, handgun permit, in this state.","Is it, that's good.","Here in New York it's a lot harder than that, uh"
22,"and you have,",Uh-huh.,"Now, the, the, and that's with, uh, you have to have, uh, oh, a police investigation, you have to,  have references,","Say, that good, I think that's, like the state of Virginia, yeah, that's great.","it takes, uh, it takes almost six months to get, uh, handgun permit, in this state.","Is it, that's good."
23,"Oh, that would be neat.","and I know, because a friend of mine wanted to get one and listed me as a reference uh,",Uh-huh.,"Now, the, the, and that's with, uh, you have to have, uh, oh, a police investigation, you have to,  have references,","Say, that good, I think that's, like the state of Virginia, yeah, that's great.","it takes, uh, it takes almost six months to get, uh, handgun permit, in this state."
24,"so I, I went ahead and got one.",Uh-huh.,"and I know, because a friend of mine wanted to get one and listed me as a reference uh,",Uh-huh.,"Now, the, the, and that's with, uh, you have to have, uh, oh, a police investigation, you have to,  have references,","Say, that good, I think that's, like the state of Virginia, yeah, that's great."
25,Right. Right.,"and I know it, there is, it's very easy to get, uh, uh, you know, there's no restrictions, whatsoever, on hunting rifles and shotguns and things like that,  which aren't the, I, I don't consider to be the kind of crime, uh,  weapon, you know,",Uh-huh.,"and I know, because a friend of mine wanted to get one and listed me as a reference uh,",Uh-huh.,"Now, the, the, and that's with, uh, you have to have, uh, oh, a police investigation, you have to,  have references,"
26,"you know, it would be a good way to get rid of the salesman, I guess.","Uh-huh. Right, they're no, the cattiness behind, right, yeah,","and I know it, there is, it's very easy to get, uh, uh, you know, there's no restrictions, whatsoever, on hunting rifles and shotguns and things like that,  which aren't the, I, I don't consider to be the kind of crime, uh,  weapon, you know,",Uh-huh.,"and I know, because a friend of mine wanted to get one and listed me as a reference uh,",Uh-huh.
27,"yeah, and, uh.","uh, so,","Uh-huh. Right, they're no, the cattiness behind, right, yeah,","and I know it, there is, it's very easy to get, uh, uh, you know, there's no restrictions, whatsoever, on hunting rifles and shotguns and things like that,  which aren't the, I, I don't consider to be the kind of crime, uh,  weapon, you know,",Uh-huh.,"and I know, because a friend of mine wanted to get one and listed me as a reference uh,"
28,"Uh, uh-hue.","I mean I don't like guns in general but when I think about, uh, this topic like capital punishment I look at somebody, I mean, I just remember when I was in college in a dorm and I think if he'd been around one of my family members probably would have killed him but in Florida, in the state of Washington when they had the Ted Bundy case","uh, so,","Uh-huh. Right, they're no, the cattiness behind, right, yeah,","and I know it, there is, it's very easy to get, uh, uh, you know, there's no restrictions, whatsoever, on hunting rifles and shotguns and things like that,  which aren't the, I, I don't consider to be the kind of crime, uh,  weapon, you know,",Uh-huh.
29,"and they were, you, you'd be the kid that got beat up by the guy, you were the kid who got beat to death.",Right.,"I mean I don't like guns in general but when I think about, uh, this topic like capital punishment I look at somebody, I mean, I just remember when I was in college in a dorm and I think if he'd been around one of my family members probably would have killed him but in Florida, in the state of Washington when they had the Ted Bundy case","uh, so,","Uh-huh. Right, they're no, the cattiness behind, right, yeah,","and I know it, there is, it's very easy to get, uh, uh, you know, there's no restrictions, whatsoever, on hunting rifles and shotguns and things like that,  which aren't the, I, I don't consider to be the kind of crime, uh,  weapon, you know,"
30,Uh-oh.,"and how they just well, it hasn't been just but it was in the, I think the second or third quarter of last year, nineteen ninety",Right.,"I mean I don't like guns in general but when I think about, uh, this topic like capital punishment I look at somebody, I mean, I just remember when I was in college in a dorm and I think if he'd been around one of my family members probably would have killed him but in Florida, in the state of Washington when they had the Ted Bundy case","uh, so,","Uh-huh. Right, they're no, the cattiness behind, right, yeah,"
31,"And, uh.",Right.,"and how they just well, it hasn't been just but it was in the, I think the second or third quarter of last year, nineteen ninety",Right.,"I mean I don't like guns in general but when I think about, uh, this topic like capital punishment I look at somebody, I mean, I just remember when I was in college in a dorm and I think if he'd been around one of my family members probably would have killed him but in Florida, in the state of Washington when they had the Ted Bundy case","uh, so,"
32,Yeah.,"and I had, you know, I knew some people that said, why are you glad, you you know, this is nothing, and I said just maybe because he got a lot of media hype and all that but I actually, I mean in there should be more cases like that where they flip a I might be too cold too, but they flip a switch,",Right.,"and how they just well, it hasn't been just but it was in the, I think the second or third quarter of last year, nineteen ninety",Right.,"I mean I don't like guns in general but when I think about, uh, this topic like capital punishment I look at somebody, I mean, I just remember when I was in college in a dorm and I think if he'd been around one of my family members probably would have killed him but in Florida, in the state of Washington when they had the Ted Bundy case"
33,"and you know it's, it's a big deal that way, you don't know,","Yeah, yeah,","and I had, you know, I knew some people that said, why are you glad, you you know, this is nothing, and I said just maybe because he got a lot of media hype and all that but I actually, I mean in there should be more cases like that where they flip a I might be too cold too, but they flip a switch,",Right.,"and how they just well, it hasn't been just but it was in the, I think the second or third quarter of last year, nineteen ninety",Right.
34,so I don't really know.,"I don't know,","Yeah, yeah,","and I had, you know, I knew some people that said, why are you glad, you you know, this is nothing, and I said just maybe because he got a lot of media hype and all that but I actually, I mean in there should be more cases like that where they flip a I might be too cold too, but they flip a switch,",Right.,"and how they just well, it hasn't been just but it was in the, I think the second or third quarter of last year, nineteen ninety"
35,Uh-huh.,"well, and the thing with Bundy was though he escaped","I don't know,","Yeah, yeah,","and I had, you know, I knew some people that said, why are you glad, you you know, this is nothing, and I said just maybe because he got a lot of media hype and all that but I actually, I mean in there should be more cases like that where they flip a I might be too cold too, but they flip a switch,",Right.
36,"and he was, he was being, he's been free for a while, and then he was caught just, you can't bring him back, you have to keep him away.","I mean,","well, and the thing with Bundy was though he escaped","I don't know,","Yeah, yeah,","and I had, you know, I knew some people that said, why are you glad, you you know, this is nothing, and I said just maybe because he got a lot of media hype and all that but I actually, I mean in there should be more cases like that where they flip a I might be too cold too, but they flip a switch,"
37,"I think it was, it was a, uh, a, the, the guy that held him out of the jail, uh-huh, was, uh.",and then,"I mean,","well, and the thing with Bundy was though he escaped","I don't know,","Yeah, yeah,"
38,"Yeah, and I think it was, it was just a publicity thing. You know, he went over there and he was being, uh, excused because he didn't want to be a policeman.",So many times.,and then,"I mean,","well, and the thing with Bundy was though he escaped","I don't know,"
39,Yeah.,yeah,So many times.,and then,"I mean,","well, and the thing with Bundy was though he escaped"
40,!!!%!! RemindMe!! remindMe! remind!!et!! command,Yeah.,yeah,So many times.,and then,"I mean,"
41,"Yeah, that's true.","and did it again and, uh,",Yeah.,yeah,So many times.,and then
42,Right.,"Yeah, I mean, and that's just maybe because of the little more, they said celebrated that, uh, he's not the only one,  you know,","and did it again and, uh,",Yeah.,yeah,So many times.
43,"but he was the only,",No.,"Yeah, I mean, and that's just maybe because of the little more, they said celebrated that, uh, he's not the only one,  you know,","and did it again and, uh,",Yeah.,yeah
44,Uh-huh.,"you, you see somebody's mini series and you hear about somebody's crime, there was something on, and this gets back to capital punishment, but the man had stolen, uh, not stolen but kidnapped, uh, some wealthy ex-athlete's daughter somewhere in Florida and they changed all the facts that they said it was true",No.,"Yeah, I mean, and that's just maybe because of the little more, they said celebrated that, uh, he's not the only one,  you know,","and did it again and, uh,",Yeah.
45,"and he was, he was sentenced to death, and, and the, the sentence was given, uh-hundred years, but they changed it to, uh.",Uh-huh.,"you, you see somebody's mini series and you hear about somebody's crime, there was something on, and this gets back to capital punishment, but the man had stolen, uh, not stolen but kidnapped, uh, some wealthy ex-athlete's daughter somewhere in Florida and they changed all the facts that they said it was true",No.,"Yeah, I mean, and that's just maybe because of the little more, they said celebrated that, uh, he's not the only one,  you know,","and did it again and, uh,"
46,Right.,and they buried her alive,Uh-huh.,"you, you see somebody's mini series and you hear about somebody's crime, there was something on, and this gets back to capital punishment, but the man had stolen, uh, not stolen but kidnapped, uh, some wealthy ex-athlete's daughter somewhere in Florida and they changed all the facts that they said it was true",No.,"Yeah, I mean, and that's just maybe because of the little more, they said celebrated that, uh, he's not the only one,  you know,"
47,"And, uh.","Oh, God.",and they buried her alive,Uh-huh.,"you, you see somebody's mini series and you hear about somebody's crime, there was something on, and this gets back to capital punishment, but the man had stolen, uh, not stolen but kidnapped, uh, some wealthy ex-athlete's daughter somewhere in Florida and they changed all the facts that they said it was true",No.
48,Oh.,"and Peter Strauss had played the lead role and the man, and, and at the end of, you know how they have these mini dramas, at the end they said, this set person was paroled like six months ago and you're thinking oh, that's nice.","Oh, God.",and they buried her alive,Uh-huh.,"you, you see somebody's mini series and you hear about somebody's crime, there was something on, and this gets back to capital punishment, but the man had stolen, uh, not stolen but kidnapped, uh, some wealthy ex-athlete's daughter somewhere in Florida and they changed all the facts that they said it was true"
49,"And, and then they put her in a rest home.",Great.,"and Peter Strauss had played the lead role and the man, and, and at the end of, you know how they have these mini dramas, at the end they said, this set person was paroled like six months ago and you're thinking oh, that's nice.","Oh, God.",and they buried her alive,Uh-huh.
50,Yeah.,"I mean, you know, I'm not sure that capital punishment serves as a deterrence but it does serve as a uh, definite,  you know, lasting",Great.,"and Peter Strauss had played the lead role and the man, and, and at the end of, you know how they have these mini dramas, at the end they said, this set person was paroled like six months ago and you're thinking oh, that's nice.","Oh, God.",and they buried her alive
51,"It seems that,  that there's a lot of anger,  because people say, you, you're welcome to go.","Surely,  there's and end to, the situation.","I mean, you know, I'm not sure that capital punishment serves as a deterrence but it does serve as a uh, definite,  you know, lasting",Great.,"and Peter Strauss had played the lead role and the man, and, and at the end of, you know how they have these mini dramas, at the end they said, this set person was paroled like six months ago and you're thinking oh, that's nice.","Oh, God."
52,That's right.,"Right, in that particular instance, uh, but I, but I don't, but I know it's on a and all and be all,","Surely,  there's and end to, the situation.","I mean, you know, I'm not sure that capital punishment serves as a deterrence but it does serve as a uh, definite,  you know, lasting",Great.,"and Peter Strauss had played the lead role and the man, and, and at the end of, you know how they have these mini dramas, at the end they said, this set person was paroled like six months ago and you're thinking oh, that's nice."
53,"and, and, uh and I think that's, that's the way that the justice system works and I, I think it's going to be addressed in the courts, but it's not going to change over the next ten or fifteen years, you, you're going to have to change that aspect of it.",Right.,"Right, in that particular instance, uh, but I, but I don't, but I know it's on a and all and be all,","Surely,  there's and end to, the situation.","I mean, you know, I'm not sure that capital punishment serves as a deterrence but it does serve as a uh, definite,  you know, lasting",Great.
54,Uh-huh. Uh-hue.,"that's the problem I have with it, in Texas they think it's and all and be all, they think that if they electrocute or slip, or do something, or gas somebody, uh, that they're not going to have the crimes that they do have and we happen to live in Dallas which is extremely crime,  ridden,",Right.,"Right, in that particular instance, uh, but I, but I don't, but I know it's on a and all and be all,","Surely,  there's and end to, the situation.","I mean, you know, I'm not sure that capital punishment serves as a deterrence but it does serve as a uh, definite,  you know, lasting"
55,and I don tinker with that at all.,Uh-huh.,"that's the problem I have with it, in Texas they think it's and all and be all, they think that if they electrocute or slip, or do something, or gas somebody, uh, that they're not going to have the crimes that they do have and we happen to live in Dallas which is extremely crime,  ridden,",Right.,"Right, in that particular instance, uh, but I, but I don't, but I know it's on a and all and be all,","Surely,  there's and end to, the situation."
56,Yeah.,"and we just moved here, uh, we've been here before, lived in Minneapolis, Saint Paul, uh, which has an exceedingly low crime rate, and then we were transferred back here, and when you're gone from some place like it for about six years as we were, you really begin to see, uh, just how problematic just living is,  even suburban, no matter where you are,",Uh-huh.,"that's the problem I have with it, in Texas they think it's and all and be all, they think that if they electrocute or slip, or do something, or gas somebody, uh, that they're not going to have the crimes that they do have and we happen to live in Dallas which is extremely crime,  ridden,",Right.,"Right, in that particular instance, uh, but I, but I don't, but I know it's on a and all and be all,"
57,"but, uh.",Right.,"and we just moved here, uh, we've been here before, lived in Minneapolis, Saint Paul, uh, which has an exceedingly low crime rate, and then we were transferred back here, and when you're gone from some place like it for about six years as we were, you really begin to see, uh, just how problematic just living is,  even suburban, no matter where you are,",Uh-huh.,"that's the problem I have with it, in Texas they think it's and all and be all, they think that if they electrocute or slip, or do something, or gas somebody, uh, that they're not going to have the crimes that they do have and we happen to live in Dallas which is extremely crime,  ridden,",Right.
58,!!!%!! Remind me.,"and how, you're in,  Rome, New York,",Right.,"and we just moved here, uh, we've been here before, lived in Minneapolis, Saint Paul, uh, which has an exceedingly low crime rate, and then we were transferred back here, and when you're gone from some place like it for about six years as we were, you really begin to see, uh, just how problematic just living is,  even suburban, no matter where you are,",Uh-huh.,"that's the problem I have with it, in Texas they think it's and all and be all, they think that if they electrocute or slip, or do something, or gas somebody, uh, that they're not going to have the crimes that they do have and we happen to live in Dallas which is extremely crime,  ridden,"
59,"!!!!,!!iful!! My little boy just got in kindergarten, and I was just thinking, you know, that's great, that they're starting kindergarten next year.","Rome, New York, it's up state it it's, uh, near Syracuse","and how, you're in,  Rome, New York,",Right.,"and we just moved here, uh, we've been here before, lived in Minneapolis, Saint Paul, uh, which has an exceedingly low crime rate, and then we were transferred back here, and when you're gone from some place like it for about six years as we were, you really begin to see, uh, just how problematic just living is,  even suburban, no matter where you are,",Uh-huh.
60,!!!%!! Remind me.,"is that and, and, is that like near Albany or Syracuse,","Rome, New York, it's up state it it's, uh, near Syracuse","and how, you're in,  Rome, New York,",Right.,"and we just moved here, uh, we've been here before, lived in Minneapolis, Saint Paul, uh, which has an exceedingly low crime rate, and then we were transferred back here, and when you're gone from some place like it for about six years as we were, you really begin to see, uh, just how problematic just living is,  even suburban, no matter where you are,"
61,"Oh, yeah, uh-huh.","it's about, uh, well, I, I actually live in a Village of Sylvan Beach, I work in Rome, uh,","is that and, and, is that like near Albany or Syracuse,","Rome, New York, it's up state it it's, uh, near Syracuse","and how, you're in,  Rome, New York,",Right.
62,"well, it, it just happened so fast, I mean, it was just, you know, the minute the sun went down, it would just completely turn yellow, you couldn't see the dirt.","What, what type of area is that,","it's about, uh, well, I, I actually live in a Village of Sylvan Beach, I work in Rome, uh,","is that and, and, is that like near Albany or Syracuse,","Rome, New York, it's up state it it's, uh, near Syracuse","and how, you're in,  Rome, New York,"
63,"I'm in, I'm in Plano, so.","It's more rural,","What, what type of area is that,","it's about, uh, well, I, I actually live in a Village of Sylvan Beach, I work in Rome, uh,","is that and, and, is that like near Albany or Syracuse,","Rome, New York, it's up state it it's, uh, near Syracuse"
64,"yeah, and I'm thinking, um, we're talking about, um","is that in term,","It's more rural,","What, what type of area is that,","it's about, uh, well, I, I actually live in a Village of Sylvan Beach, I work in Rome, uh,","is that and, and, is that like near Albany or Syracuse,"
65,Uh-huh.,"uh, it use to be use to be a, uh, uh, have a lot of heavy industry,","is that in term,","It's more rural,","What, what type of area is that,","it's about, uh, well, I, I actually live in a Village of Sylvan Beach, I work in Rome, uh,"
66,"but, uh.",Uh-huh. Uh-huh.,"uh, it use to be use to be a, uh, uh, have a lot of heavy industry,","is that in term,","It's more rural,","What, what type of area is that,"
67,Right.,"but it's kind of, uh, all the industry has gone south,",Uh-huh. Uh-huh.,"uh, it use to be use to be a, uh, uh, have a lot of heavy industry,","is that in term,","It's more rural,"
68,"and, uh.",Sure.,"but it's kind of, uh, all the industry has gone south,",Uh-huh. Uh-huh.,"uh, it use to be use to be a, uh, uh, have a lot of heavy industry,","is that in term,"
69,Yeah.,"and, uh, now the Air Force is the largest employer in the, uh, area and, uh, uh,  so it's,   Not too bad,",Sure.,"but it's kind of, uh, all the industry has gone south,",Uh-huh. Uh-huh.,"uh, it use to be use to be a, uh, uh, have a lot of heavy industry,"
70,"Well, I think it's improving.","How would,  how is the situation in there in terms of crime and,  and things that would,","and, uh, now the Air Force is the largest employer in the, uh, area and, uh, uh,  so it's,   Not too bad,",Sure.,"but it's kind of, uh, all the industry has gone south,",Uh-huh. Uh-huh.
71,Yeah.,"it, you know, you still have the, uh, more drug problems and typical,  uh, small city type problems,","How would,  how is the situation in there in terms of crime and,  and things that would,","and, uh, now the Air Force is the largest employer in the, uh, area and, uh, uh,  so it's,   Not too bad,",Sure.,"but it's kind of, uh, all the industry has gone south,"
72,"but, uh.",not too bad. Yeah. Uh-huh.,"it, you know, you still have the, uh, more drug problems and typical,  uh, small city type problems,","How would,  how is the situation in there in terms of crime and,  and things that would,","and, uh, now the Air Force is the largest employer in the, uh, area and, uh, uh,  so it's,   Not too bad,",Sure.
73,Yeah.,"but I don't know that there's a real, uh,",not too bad. Yeah. Uh-huh.,"it, you know, you still have the, uh, more drug problems and typical,  uh, small city type problems,","How would,  how is the situation in there in terms of crime and,  and things that would,","and, uh, now the Air Force is the largest employer in the, uh, area and, uh, uh,  so it's,   Not too bad,"
74,Yeah.,"Not the harsh criminality,  that you find in,","but I don't know that there's a real, uh,",not too bad. Yeah. Uh-huh.,"it, you know, you still have the, uh, more drug problems and typical,  uh, small city type problems,","How would,  how is the situation in there in terms of crime and,  and things that would,"
75,"Oh, I agree. Uh,",no there isn't the harsh crime and all.,"Not the harsh criminality,  that you find in,","but I don't know that there's a real, uh,",not too bad. Yeah. Uh-huh.,"it, you know, you still have the, uh, more drug problems and typical,  uh, small city type problems,"
76,"Yeah. Yeah, that's true.","yeah, now, Dallas is a I'm being very sarcastic, it's just a great,  uh, on some days, uh, it's, uh, I don't know the good ole boy network here is, uh, very strange, like I said they believe that, if they kill somebody, you know, tit for tat and,  deed for deed that,  that does something, uh,",no there isn't the harsh crime and all.,"Not the harsh criminality,  that you find in,","but I don't know that there's a real, uh,",not too bad. Yeah. Uh-huh.
77,"they, they go out and kill the person, you can't do that,",Uh-huh. Uh-huh.,"yeah, now, Dallas is a I'm being very sarcastic, it's just a great,  uh, on some days, uh, it's, uh, I don't know the good ole boy network here is, uh, very strange, like I said they believe that, if they kill somebody, you know, tit for tat and,  deed for deed that,  that does something, uh,",no there isn't the harsh crime and all.,"Not the harsh criminality,  that you find in,","but I don't know that there's a real, uh,"
78,"Oh, yeah.","but yet they want spend the money to build the new jails that, I mean, they really are over,  crowded,",Uh-huh. Uh-huh.,"yeah, now, Dallas is a I'm being very sarcastic, it's just a great,  uh, on some days, uh, it's, uh, I don't know the good ole boy network here is, uh, very strange, like I said they believe that, if they kill somebody, you know, tit for tat and,  deed for deed that,  that does something, uh,",no there isn't the harsh crime and all.,"Not the harsh criminality,  that you find in,"
79,"and it's like, you just don't, you don't see, you can't see what they're doing.",Right.,"but yet they want spend the money to build the new jails that, I mean, they really are over,  crowded,",Uh-huh. Uh-huh.,"yeah, now, Dallas is a I'm being very sarcastic, it's just a great,  uh, on some days, uh, it's, uh, I don't know the good ole boy network here is, uh, very strange, like I said they believe that, if they kill somebody, you know, tit for tat and,  deed for deed that,  that does something, uh,",no there isn't the harsh crime and all.
80,Yeah.,"I mean, that's, that's just not a cop out, uh, and I just, you know, I'm originally from Pennsylvania which I think is basically like New York these days, I'm not sure if they, I don't think they have capital punishment there.",Right.,"but yet they want spend the money to build the new jails that, I mean, they really are over,  crowded,",Uh-huh. Uh-huh.,"yeah, now, Dallas is a I'm being very sarcastic, it's just a great,  uh, on some days, uh, it's, uh, I don't know the good ole boy network here is, uh, very strange, like I said they believe that, if they kill somebody, you know, tit for tat and,  deed for deed that,  that does something, uh,"
81,"Uh-uh. Oh, uh-h.","I think, I think Pennsylvania may have just reenacted it because I'm from, uh,  from Pennsylvania also, just, uh, just outside,  of Philadelphia,","I mean, that's, that's just not a cop out, uh, and I just, you know, I'm originally from Pennsylvania which I think is basically like New York these days, I'm not sure if they, I don't think they have capital punishment there.",Right.,"but yet they want spend the money to build the new jails that, I mean, they really are over,  crowded,",Uh-huh. Uh-huh.
82,Yeah.,"Uh-huh. Yeah, and I'm from Pittsburgh so,  oh, well, we'll forgive each other","I think, I think Pennsylvania may have just reenacted it because I'm from, uh,  from Pennsylvania also, just, uh, just outside,  of Philadelphia,","I mean, that's, that's just not a cop out, uh, and I just, you know, I'm originally from Pennsylvania which I think is basically like New York these days, I'm not sure if they, I don't think they have capital punishment there.",Right.,"but yet they want spend the money to build the new jails that, I mean, they really are over,  crowded,"
83,"but, I mean, I've been there like, I was in, like, the second grade, and then I went to college,",Yeah.,"Uh-huh. Yeah, and I'm from Pittsburgh so,  oh, well, we'll forgive each other","I think, I think Pennsylvania may have just reenacted it because I'm from, uh,  from Pennsylvania also, just, uh, just outside,  of Philadelphia,","I mean, that's, that's just not a cop out, uh, and I just, you know, I'm originally from Pennsylvania which I think is basically like New York these days, I'm not sure if they, I don't think they have capital punishment there.",Right.
84,Uh.,"Uh, because they use to be very, very conservative when I was growing up I and I can't, I haven't lived there in twenty,  years",Yeah.,"Uh-huh. Yeah, and I'm from Pittsburgh so,  oh, well, we'll forgive each other","I think, I think Pennsylvania may have just reenacted it because I'm from, uh,  from Pennsylvania also, just, uh, just outside,  of Philadelphia,","I mean, that's, that's just not a cop out, uh, and I just, you know, I'm originally from Pennsylvania which I think is basically like New York these days, I'm not sure if they, I don't think they have capital punishment there."
85,"and, uh.",Right.,"Uh, because they use to be very, very conservative when I was growing up I and I can't, I haven't lived there in twenty,  years",Yeah.,"Uh-huh. Yeah, and I'm from Pittsburgh so,  oh, well, we'll forgive each other","I think, I think Pennsylvania may have just reenacted it because I'm from, uh,  from Pennsylvania also, just, uh, just outside,  of Philadelphia,"
86,"I've never been there and I was there when the first lady that lived there, uh-hugh,  she had a baby and everything.","but, uh,",Right.,"Uh, because they use to be very, very conservative when I was growing up I and I can't, I haven't lived there in twenty,  years",Yeah.,"Uh-huh. Yeah, and I'm from Pittsburgh so,  oh, well, we'll forgive each other"
87,"Oh, that's, that is a, that would be a really scary thought.",The west part of the state is and then the east part of the state has got all the bleeding hearts and all the welfare cases so.,"but, uh,",Right.,"Uh, because they use to be very, very conservative when I was growing up I and I can't, I haven't lived there in twenty,  years",Yeah.
88,Uh-huh.,"There you go I don't know that's a different subject,  altogether",The west part of the state is and then the east part of the state has got all the bleeding hearts and all the welfare cases so.,"but, uh,",Right.,"Uh, because they use to be very, very conservative when I was growing up I and I can't, I haven't lived there in twenty,  years"
89,"I, I guess I have a hard time with that.",Right.,"There you go I don't know that's a different subject,  altogether",The west part of the state is and then the east part of the state has got all the bleeding hearts and all the welfare cases so.,"but, uh,",Right.
90,Yeah.,"but, uh, I don't know I think everybody would feel it is same way if they were touched by crime. I think everyone would, you and I think are honest and candid because we could do it on, in this,  vehicle, uh,",Right.,"There you go I don't know that's a different subject,  altogether",The west part of the state is and then the east part of the state has got all the bleeding hearts and all the welfare cases so.,"but, uh,"
91,"and it's not that we have to be a little bit Romanesque about it,",Right.,"but, uh, I don't know I think everybody would feel it is same way if they were touched by crime. I think everyone would, you and I think are honest and candid because we could do it on, in this,  vehicle, uh,",Right.,"There you go I don't know that's a different subject,  altogether",The west part of the state is and then the east part of the state has got all the bleeding hearts and all the welfare cases so.
92,I think that's true.,"but I think everybody if they were touched by it would say, if they had any sense of rage that could be brought out,  I think every human does, I think they'd say, yeah,",Right.,"but, uh, I don't know I think everybody would feel it is same way if they were touched by crime. I think everyone would, you and I think are honest and candid because we could do it on, in this,  vehicle, uh,",Right.,"There you go I don't know that's a different subject,  altogether"
93,"if they had a chance to do something, they would say that they were very, very creative and,",Sure.,"but I think everybody if they were touched by it would say, if they had any sense of rage that could be brought out,  I think every human does, I think they'd say, yeah,",Right.,"but, uh, I don't know I think everybody would feel it is same way if they were touched by crime. I think everyone would, you and I think are honest and candid because we could do it on, in this,  vehicle, uh,",Right.
94,Uh-huh.,"do it if somebody in my family or if it happened it me, you know,",Sure.,"but I think everybody if they were touched by it would say, if they had any sense of rage that could be brought out,  I think every human does, I think they'd say, yeah,",Right.,"but, uh, I don't know I think everybody would feel it is same way if they were touched by crime. I think everyone would, you and I think are honest and candid because we could do it on, in this,  vehicle, uh,"
95,but it's not like it's going to happen to everybody.,"Yeah,","do it if somebody in my family or if it happened it me, you know,",Sure.,"but I think everybody if they were touched by it would say, if they had any sense of rage that could be brought out,  I think every human does, I think they'd say, yeah,",Right.
96,"I mean, I, I'd be, I'm, I would be more than willing to go into a nursing home and just, you, you need to, you really do need to do something to help the situation.","uh,","Yeah,","do it if somebody in my family or if it happened it me, you know,",Sure.,"but I think everybody if they were touched by it would say, if they had any sense of rage that could be brought out,  I think every human does, I think they'd say, yeah,"
97,"Uh-huh. Uh-hue. Yeah. Yeah, yeah, I think,  I think that would be the best thing to do.","if your friends or family got, uh, had that happen to them I think everyone would, I, they'd,  probably pull the trigger themselves or flip the switch themselves and with a smile on their face,  as they did it.","uh,","Yeah,","do it if somebody in my family or if it happened it me, you know,",Sure.
98,Yeah.,"Uh-huh. Yeah, I just,  don't think that, uh, you can rehabilitate, I mean I just don't, uh, oh, I did a paper back in college a long time ago for criminal justice class, and I just, the subject, I remember we drew things out of a hat and it was something, uh, it was basically the essence was does the crime fit the punishment and when you see how many repeat offenders there are, uh, check, check fraud cases where they go to jail for five to ten years and, uh, rape, rapist getting their hand,  just slapped, you know, and how it is based on the judge and if the time of day that the court is in session,  you know, all these, uh, intangible things","if your friends or family got, uh, had that happen to them I think everyone would, I, they'd,  probably pull the trigger themselves or flip the switch themselves and with a smile on their face,  as they did it.","uh,","Yeah,","do it if somebody in my family or if it happened it me, you know,"
99,"and, uh  that was a big factor in my decision.",Yeah. Right.,"Uh-huh. Yeah, I just,  don't think that, uh, you can rehabilitate, I mean I just don't, uh, oh, I did a paper back in college a long time ago for criminal justice class, and I just, the subject, I remember we drew things out of a hat and it was something, uh, it was basically the essence was does the crime fit the punishment and when you see how many repeat offenders there are, uh, check, check fraud cases where they go to jail for five to ten years and, uh, rape, rapist getting their hand,  just slapped, you know, and how it is based on the judge and if the time of day that the court is in session,  you know, all these, uh, intangible things","if your friends or family got, uh, had that happen to them I think everyone would, I, they'd,  probably pull the trigger themselves or flip the switch themselves and with a smile on their face,  as they did it.","uh,","Yeah,"
100,"Uh, yeah. Yeah.","and you're thinking, oh, you would not only would you not want to be a victim you wouldn't want to be a criminal either because you wouldn't know what you're getting, uh",Yeah. Right.,"Uh-huh. Yeah, I just,  don't think that, uh, you can rehabilitate, I mean I just don't, uh, oh, I did a paper back in college a long time ago for criminal justice class, and I just, the subject, I remember we drew things out of a hat and it was something, uh, it was basically the essence was does the crime fit the punishment and when you see how many repeat offenders there are, uh, check, check fraud cases where they go to jail for five to ten years and, uh, rape, rapist getting their hand,  just slapped, you know, and how it is based on the judge and if the time of day that the court is in session,  you know, all these, uh, intangible things","if your friends or family got, uh, had that happen to them I think everyone would, I, they'd,  probably pull the trigger themselves or flip the switch themselves and with a smile on their face,  as they did it.","uh,"
101,"but you would want to know, you wouldn tinker with it. I mean, I think that's the whole point of the trial by jury.",Right. Right.,"and you're thinking, oh, you would not only would you not want to be a victim you wouldn't want to be a criminal either because you wouldn't know what you're getting, uh",Yeah. Right.,"Uh-huh. Yeah, I just,  don't think that, uh, you can rehabilitate, I mean I just don't, uh, oh, I did a paper back in college a long time ago for criminal justice class, and I just, the subject, I remember we drew things out of a hat and it was something, uh, it was basically the essence was does the crime fit the punishment and when you see how many repeat offenders there are, uh, check, check fraud cases where they go to jail for five to ten years and, uh, rape, rapist getting their hand,  just slapped, you know, and how it is based on the judge and if the time of day that the court is in session,  you know, all these, uh, intangible things","if your friends or family got, uh, had that happen to them I think everyone would, I, they'd,  probably pull the trigger themselves or flip the switch themselves and with a smile on their face,  as they did it."
102,"!!!%!! Remind me of that, I, I know exactly what you are talking about.","but, I don't know, methods of capital punishment I have no opinions on that either I just",Right. Right.,"and you're thinking, oh, you would not only would you not want to be a victim you wouldn't want to be a criminal either because you wouldn't know what you're getting, uh",Yeah. Right.,"Uh-huh. Yeah, I just,  don't think that, uh, you can rehabilitate, I mean I just don't, uh, oh, I did a paper back in college a long time ago for criminal justice class, and I just, the subject, I remember we drew things out of a hat and it was something, uh, it was basically the essence was does the crime fit the punishment and when you see how many repeat offenders there are, uh, check, check fraud cases where they go to jail for five to ten years and, uh, rape, rapist getting their hand,  just slapped, you know, and how it is based on the judge and if the time of day that the court is in session,  you know, all these, uh, intangible things"
103,Uh-huh.,"Well, uh, I, uh, yeah, I don't know I think the old gas chamber seems to be about the most painless because I guess it's a pretty,  pretty rough thing to be, uh, electrocuted.","but, I don't know, methods of capital punishment I have no opinions on that either I just",Right. Right.,"and you're thinking, oh, you would not only would you not want to be a victim you wouldn't want to be a criminal either because you wouldn't know what you're getting, uh",Yeah. Right.
104,Well I'm not sure. I think it's more efficient.,"Uh-huh. Is it, uh, how about the injection,","Well, uh, I, uh, yeah, I don't know I think the old gas chamber seems to be about the most painless because I guess it's a pretty,  pretty rough thing to be, uh, electrocuted.","but, I don't know, methods of capital punishment I have no opinions on that either I just",Right. Right.,"and you're thinking, oh, you would not only would you not want to be a victim you wouldn't want to be a criminal either because you wouldn't know what you're getting, uh"
105,Yeah.,"Oh, yeah, an injection,","Uh-huh. Is it, uh, how about the injection,","Well, uh, I, uh, yeah, I don't know I think the old gas chamber seems to be about the most painless because I guess it's a pretty,  pretty rough thing to be, uh, electrocuted.","but, I don't know, methods of capital punishment I have no opinions on that either I just",Right. Right.
106,"and then you're supposed to, you know, and then, and you're suppose to, and it's supposed to be real painless, but it's not supposed to give you any kind of pain.",is that suppose to be.,"Oh, yeah, an injection,","Uh-huh. Is it, uh, how about the injection,","Well, uh, I, uh, yeah, I don't know I think the old gas chamber seems to be about the most painless because I guess it's a pretty,  pretty rough thing to be, uh, electrocuted.","but, I don't know, methods of capital punishment I have no opinions on that either I just"
107,Yeah.,"yeah, that would be even, yeah, I didn't even, think about that.",is that suppose to be.,"Oh, yeah, an injection,","Uh-huh. Is it, uh, how about the injection,","Well, uh, I, uh, yeah, I don't know I think the old gas chamber seems to be about the most painless because I guess it's a pretty,  pretty rough thing to be, uh, electrocuted."
108,"Yeah, I don't know.","Yeah. I'm not even sure, in the split among the fifty states, do you know which way it is the ratio, it's more than, aren't, uh, it's more that don't have it,","yeah, that would be even, yeah, I didn't even, think about that.",is that suppose to be.,"Oh, yeah, an injection,","Uh-huh. Is it, uh, how about the injection,"
109,"but I think, I think in the, in, in Texas they have it.","I think,","Yeah. I'm not even sure, in the split among the fifty states, do you know which way it is the ratio, it's more than, aren't, uh, it's more that don't have it,","yeah, that would be even, yeah, I didn't even, think about that.",is that suppose to be.,"Oh, yeah, an injection,"
110,"but I don't know, I donno.",isn't that correct.,"I think,","Yeah. I'm not even sure, in the split among the fifty states, do you know which way it is the ratio, it's more than, aren't, uh, it's more that don't have it,","yeah, that would be even, yeah, I didn't even, think about that.",is that suppose to be.
111,Uh-huh.,"yeah, there's more that don't have it but amazingly it's like, uh, Massachusetts went back,  and reinstated capital punishment, oh, maybe six or seven years ago,",isn't that correct.,"I think,","Yeah. I'm not even sure, in the split among the fifty states, do you know which way it is the ratio, it's more than, aren't, uh, it's more that don't have it,","yeah, that would be even, yeah, I didn't even, think about that."
112,"and it's, it was a, it, it wasn't a particularly heinous crime, it just, you know, it happened in such a random and unusual way that, uh.",Uh-huh. Uh-huh.,"yeah, there's more that don't have it but amazingly it's like, uh, Massachusetts went back,  and reinstated capital punishment, oh, maybe six or seven years ago,",isn't that correct.,"I think,","Yeah. I'm not even sure, in the split among the fifty states, do you know which way it is the ratio, it's more than, aren't, uh, it's more that don't have it,"
113,"Oh, really.","I don't know if they've used it since then since they've reinstated it but, uh, it's on the books.",Uh-huh. Uh-huh.,"yeah, there's more that don't have it but amazingly it's like, uh, Massachusetts went back,  and reinstated capital punishment, oh, maybe six or seven years ago,",isn't that correct.,"I think,"
114,Yeah.,"Yeah, I don't know if they've, they did something about I'm not sure if Texas, Minnesota, I, they didn't, they didn't, they were well, did they have it, they were against it, uh, Texas, as I said, has it but I haven't been back here long enough to, to realize whether or not,  if they've done it in the last,","I don't know if they've used it since then since they've reinstated it but, uh, it's on the books.",Uh-huh. Uh-huh.,"yeah, there's more that don't have it but amazingly it's like, uh, Massachusetts went back,  and reinstated capital punishment, oh, maybe six or seven years ago,",isn't that correct.
